{"cameraMode":{"drawMode":0,"name":"Shaded","section":"Shading Mode"},"sceneLighting":true,"audioPlay":false,"sceneViewState":{"m_AlwaysRefresh":false,"showFog":true,"showSkybox":true,"showFlares":true,"showImageEffects":true,"showParticleSystems":true,"showVisualEffectGraphs":true,"m_FxEnabled":true},"in2DMode":false,"pivot":{"x":8.228253364562989,"y":-207.09194946289063,"z":518.1661987304688},"rotation":{"x":-0.18965214490890504,"y":-0.012752781622111798,"z":0.00258764810860157,"w":-0.9817570447921753},"size":286.5279541015625,"orthographic":false}